timestamp,emg1,emg2,emg3,emg4,emg5,emg6,emg7,emg8
1013462993585,-31,-10,-6,-4,-4,-2,-2,-7
1013462993585,9,4,1,1,0,-1,-2,-1
1013462997540,6,2,-1,0,0,-1,0,4
1013462997540,9,3,4,0,-1,-1,-1,2
1013462998246,18,2,-3,-1,-1,1,0,-6
1013462998246,-35,-7,-2,1,-1,0,-1,-2
1013462999888,5,-4,-5,-8,-4,-1,-1,-1
1013462999888,-2,2,-2,2,1,-1,-2,0
1013463004799,9,5,10,5,1,2,-1,3
1013463004799,4,2,0,-1,-1,0,1,0
1013463013190,-2,-4,-5,-2,-2,-2,-1,-8
1013463013190,-4,-5,-7,-6,-2,-2,0,-1
1013463029764,2,-6,-6,-3,-1,-1,0,1
1013463029764,7,-4,-5,-3,-1,0,0,0
1013463033302,-4,12,15,4,2,0,-1,2
1013463033302,4,-3,-3,-1,-1,-1,0,-1
1013463049883,-9,3,2,0,0,-1,1,-2
1013463049883,9,0,-3,-1,-1,-1,-1,5
1013463064866,-6,-10,-10,-4,-2,1,2,1
1013463064866,0,2,1,3,3,0,0,-8
1013463066400,-2,0,3,3,0,0,-2,1
1013463066400,-12,0,6,0,-2,-2,1,0
1013463111670,5,1,-1,-3,-2,0,0,4
1013463111670,4,-4,-14,-3,-2,-2,-2,-3
1013463112572,9,1,14,-3,-1,-1,-1,0
1013463112572,-16,-4,-4,0,0,-1,-1,1
1013463113218,16,2,-3,2,-2,0,1,4
1013463113218,-2,-3,5,1,0,-1,0,2
1013463115619,-14,4,0,0,1,0,1,-3
1013463115619,10,-4,-7,-2,-2,0,-1,-1
1013463123763,-9,0,5,-1,0,-1,-1,-2
1013463123763,15,3,0,1,-1,0,0,0
1013463130811,-20,-5,-5,0,-1,-1,-1,-1
1013463130811,4,3,1,-3,-1,-1,0,1
1013463138319,-7,-7,-5,0,0,-1,-1,-13
1013463138319,22,7,2,-2,-1,1,0,4
1013463153217,-10,-4,-1,3,-1,-1,-1,-1
1013463153217,-2,4,2,-1,1,0,-1,-8
1013463161440,8,0,1,-2,0,-1,0,2
1013463161440,-5,-1,0,-1,0,-1,1,0
1013463185074,-3,-5,-5,-2,0,0,-1,2
1013463185074,7,3,0,2,-1,0,0,2
1013463185791,-10,0,-4,-3,1,0,-1,-1
1013463185791,8,2,4,1,-1,1,-1,-2
1013463198949,-3,-1,-7,1,-1,-1,-1,1
1013463198949,-7,0,3,-1,0,1,0,0
1013463199577,14,2,5,1,0,1,0,1
1013463199577,-22,-5,-4,1,0,-2,-1,0
1013463222014,15,-1,-4,-2,-2,-1,1,1
1013463222014,0,-2,1,1,0,1,0,-1
1013463222890,1,-1,-1,-1,-1,-1,1,2
1013463222890,-8,-4,-5,-4,-2,-3,-2,-5
1013463244629,5,4,-1,-3,1,0,1,4
1013463244629,27,2,9,2,1,-1,-3,2
1013463245335,-18,2,2,0,-1,0,0,2
1013463245335,-16,0,3,1,-1,0,1,-2
1013463258957,-7,-3,-6,-1,0,-1,1,0
1013463258957,-21,-6,-8,-2,-2,-1,-1,0
1013463259629,21,6,1,2,2,0,-2,0
1013463259629,23,4,5,0,0,0,-1,3
1013463282127,-23,-4,1,0,-2,0,-3,-4
1013463282127,7,-1,-5,-1,-2,-1,0,-1
1013463282783,-8,-5,0,-2,-3,-2,-1,-3
1013463282783,0,1,-1,-3,-1,-1,1,0
1013463304568,17,6,6,4,2,1,-1,0
1013463304568,-2,-3,-5,-3,-3,-2,0,-2
1013463305414,12,-2,-2,0,1,-1,-1,0
1013463305414,-38,-8,-6,-3,-1,0,-1,5
1013463318915,17,2,0,-2,0,-1,-2,-13
1013463318915,-39,1,8,2,1,0,1,-2
1013463319713,30,-1,-3,-1,-1,-1,0,5
1013463319713,-16,4,4,0,0,0,0,-3
1013463341758,9,-2,-3,0,-1,0,1,2
1013463341758,11,3,9,3,1,0,-1,0
1013463342675,-12,-5,-8,-5,-3,-1,0,-4
1013463342675,8,-5,-10,-3,-2,-2,-3,-1
1013463365074,15,4,7,5,1,0,-2,1
1013463365074,-12,-4,3,1,-2,1,1,-1
1013463365742,-10,-3,-3,0,-6,0,-1,-1
1013463365742,-1,-6,-7,-6,-2,-2,1,0
1013463378753,5,3,1,0,0,0,-2,2
1013463378753,27,4,-2,-2,-1,-1,-1,-2
1013463379693,-15,-2,6,4,2,-1,0,1
1013463379693,17,5,5,-1,1,0,-3,-10
1013463409448,-24,-12,-11,-7,-2,-2,0,1
1013463409448,-3,3,3,4,2,1,0,2
1013463410423,-2,-1,-2,-4,-2,1,-1,-5
1013463410423,6,5,3,5,0,0,0,1
1013463424731,10,1,-2,-2,-2,-2,0,0
1013463424731,-4,-5,-6,-1,-3,0,-1,0
1013463425333,-21,-1,-1,-1,-1,-3,-2,-7
1013463425333,14,0,3,1,1,1,0,0
1013463438989,-21,-4,0,-1,-1,0,-1,-3
1013463438989,8,1,-8,-6,-4,-1,2,6
1013463439597,10,7,6,3,0,-1,-3,-6
1013463439597,-1,4,3,-1,0,3,0,6
1013463469621,-6,-4,-4,-1,-1,0,0,-2
1013463469621,9,-4,-3,0,1,-2,-2,-4
1013463470307,5,2,0,-3,2,1,1,4
1013463470307,-51,-13,-22,-4,-2,-2,-1,-5
1013463491908,12,6,13,5,0,0,-2,2
1013463491908,-7,4,0,0,-2,2,0,2
1013463492595,11,-7,-2,3,0,-1,1,2
1013463492595,1,7,6,2,-1,1,2,3
1013463508598,12,-4,-8,-5,-2,-1,0,0
1013463508598,-33,-4,0,0,1,0,-1,-1
1013463509314,-7,1,-2,0,0,-1,-1,-5
1013463509314,24,2,0,-3,-1,0,1,2
1013463522014,-1,-2,1,1,-2,-2,-1,-1
1013463522014,9,3,7,0,2,-1,1,5
1013463522950,7,1,-2,-5,0,-2,-2,4
1013463522950,-1,-5,-3,2,0,-2,-1,-9
1013463544551,-15,3,1,1,0,0,-2,0
1013463544551,9,2,-3,-2,0,-1,-2,0
1013463545298,13,-5,-1,-2,0,0,0,3
1013463545298,-29,-7,-3,1,-2,-1,0,2
1013463558072,3,4,4,-2,0,0,-1,-2
1013463558072,8,0,-3,0,0,-1,1,-2
1013463566326,-5,2,2,0,-1,-1,1,6
1013463566326,16,0,2,2,-1,-1,0,1
1013463582185,-9,-2,-7,-2,-2,-1,0,1
1013463582185,10,-1,1,-3,-3,-1,-1,1
1013463582807,-38,-7,0,1,0,-1,-1,-4
1013463582807,10,1,4,2,1,1,0,12
1013463604607,-5,-2,-4,-1,-1,-1,-1,-7
1013463604607,19,1,-4,-3,-3,-1,-3,-6
1013463605310,9,0,-5,-1,0,0,1,6
1013463605310,-27,-3,3,1,2,0,-2,-3
1013463618290,-1,-2,9,-1,-1,0,-2,-2
1013463618290,-1,0,1,3,1,1,-1,-3
1013463627165,-9,-5,-11,-6,-2,-1,-1,-3
1013463627165,16,5,8,0,0,-2,2,-2
1013463642588,22,6,-5,0,-2,-1,2,4
1013463642588,-31,-4,2,-1,0,-1,-1,2
1013463644057,-10,-4,0,2,0,-1,-3,-2
1013463644057,12,0,-2,-2,-1,1,0,-2
1013463672025,4,-3,-1,1,1,-1,-1,7
1013463672025,-1,0,-4,-3,-2,-2,-2,-12
1013463673640,27,2,-3,-1,-2,-1,-2,-1
1013463673640,-39,-6,-2,-1,-1,-2,0,-3
1013463678264,0,3,4,2,0,0,2,1
1013463678264,1,-5,-1,2,1,1,1,3
1013463687111,4,3,1,-2,-1,-2,-1,1
1013463687111,16,-4,-1,-1,-2,0,-2,-4
1013463701997,-20,-5,-8,-4,-1,-1,-1,-6
1013463701997,-1,2,0,-2,-3,0,1,3
1013463703570,7,5,9,1,0,0,2,-2
1013463703570,19,3,4,1,0,-2,-1,6
1013463724603,-18,-4,-4,-1,2,0,-2,-2
1013463724603,-24,-6,-6,-5,-4,-2,-3,-6
1013463726093,0,3,2,1,1,-1,2,1
1013463726093,14,3,1,0,-1,-1,-2,-3
1013463738281,13,-1,-2,-3,-3,-2,0,-1
1013463738281,7,1,-3,0,0,0,0,3
1013463747172,-40,-9,1,0,-3,1,-2,-5
1013463747172,24,8,2,1,1,1,0,1
1013463762021,-36,-3,1,1,0,-1,-2,-5
1013463762021,-21,-6,-5,-5,-2,-4,-1,1
1013463763608,21,-5,-2,-5,-3,-1,0,1
1013463763608,-3,3,0,0,0,-3,0,-3
1013463784676,-9,-4,0,0,-1,1,1,3
1013463784676,2,3,3,3,1,0,1,0
1013463786257,19,6,-1,1,1,2,0,5
1013463786257,-18,-4,-6,-3,-2,-2,1,0
1013463798264,30,1,2,1,0,0,1,3
1013463798264,11,4,2,0,-1,-1,-1,0
1013463807145,-39,-2,-1,3,1,0,0,-1
1013463807145,22,-4,-1,-4,-1,2,-1,1
1013463822116,-2,3,3,3,3,0,0,0
1013463822116,5,-3,-4,-5,-2,-1,1,-2
1013463823746,9,2,2,4,0,-1,-1,-1
1013463823746,-7,-4,-6,-3,-1,-1,-2,-1
1013463844549,-2,0,0,1,-1,-1,-1,-1
1013463844549,17,1,2,0,0,0,-1,2
1013463846125,13,1,-6,-4,-2,-1,-1,-2
1013463846125,-26,-6,2,0,0,0,0,2
1013463866995,4,-1,1,0,-1,-1,-2,-14
1013463866995,5,-6,-3,-1,-1,0,0,1
1013463868589,-3,-2,-4,0,0,-1,0,-4
1013463868589,-32,2,1,-1,-1,-2,0,-2
1013463881955,10,4,6,1,0,-1,1,8
1013463881955,-3,-3,-2,3,1,-1,-1,-7
1013463883596,-2,-1,-1,-6,-1,0,0,1
1013463883596,14,-1,-2,1,-2,-2,0,-2
1013463904582,7,3,-2,-2,0,1,1,5
1013463904582,6,5,6,3,2,1,-3,-1
1013463906099,-13,-7,1,3,0,1,0,1
1013463906099,2,1,-2,-2,-1,-2,-2,-1
1013463927011,-1,-1,-5,-4,-3,-1,-1,-5
1013463927011,5,-5,-5,-2,-1,-1,1,2
1013463928599,26,6,3,1,-1,-1,0,-1
1013463928599,-36,-6,0,2,1,-1,0,0
1013463942021,2,-5,1,2,0,-1,0,4
1013463942021,8,6,6,2,2,1,2,2
1013463943559,7,-5,-4,0,-2,-1,-2,-3
1013463943559,7,-2,-2,-5,-1,0,-2,-1
1013463964562,6,-4,-10,-2,0,-1,0,2
1013463964562,-17,1,5,1,-3,-1,-1,-1
1013463966105,7,4,3,1,0,0,2,1
1013463966105,7,-1,-4,-2,-2,0,-1,-3
1013463987018,-14,-5,-4,-6,-1,-1,-3,-6
1013463987018,-3,2,2,3,2,-1,1,1
1013463988555,-9,3,6,0,0,-1,-1,2
1013463988555,2,-2,-1,1,1,0,0,-2
1013464002025,-2,-2,-3,-2,-2,-1,-1,0
1013464002025,0,-4,-4,-1,-1,0,-2,-4
1013464003637,-4,-1,-1,1,1,2,-1,-1
1013464003637,16,8,5,2,0,0,-1,8
1013464024667,6,-1,1,0,0,0,-1,-2
1013464024667,-6,-1,-5,1,0,0,0,1
1013464026094,-2,-2,14,-4,-1,-2,-2,1
1013464026094,2,0,-4,2,0,-1,1,-3
1013464047091,-13,-3,5,1,-1,1,1,2
1013464047091,6,3,3,0,-2,-2,0,1
1013464048653,10,-3,-10,-2,0,-1,2,1
1013464048653,-11,0,0,1,0,-1,0,-10
1013464061359,10,0,-4,-2,-1,-2,-1,2
1013464061359,-31,-5,1,-2,1,-3,-2,-7
1013464068099,0,0,-2,0,-3,-3,1,-1
1013464068099,12,-2,-4,1,1,-1,0,1
1013464083058,16,7,3,-1,0,0,0,-1
1013464083058,-13,-4,-2,-1,1,0,-2,2
1013464092144,-10,3,-2,-2,-1,0,-1,2
1013464092144,30,-1,-2,0,-3,-1,0,-2
1013464107235,-7,1,0,0,-3,-1,1,3
1013464107235,-54,-7,-3,-2,-3,-1,0,-5
1013464108613,-7,-6,-7,-2,1,-2,-4,-2
1013464108613,-5,-3,-14,0,-2,1,-3,-1
1013464129633,17,4,17,0,1,0,2,2
1013464129633,17,5,2,0,0,0,2,4
1013464131095,-11,-5,-13,0,0,-1,-2,-2
1013464131095,-21,-5,3,0,1,-1,-2,-2
1013464143255,6,7,2,-1,-3,-2,-2,-1
1013464143255,11,-3,-4,-3,-3,1,-1,1
1013464152169,9,-1,-1,0,-1,-1,0,-2
1013464152169,-4,4,4,3,3,1,1,4
1013464167005,-13,-8,1,1,1,-2,-1,-6
1013464167005,25,5,-2,-5,-1,0,2,3
1013464168603,4,1,-2,-2,-2,0,-1,-3
1013464168603,13,2,5,0,0,-2,-1,0
1013464189357,-12,-9,-9,-3,-1,-1,-1,-5
1013464189357,0,-2,-8,0,-3,-3,-2,-1
1013464195829,9,2,2,1,1,0,-2,6
1013464195829,7,7,7,-1,0,1,2,0
1013464203309,-2,-1,-6,-1,-3,-2,0,-6
1013464203309,-7,-7,3,3,1,-1,-1,0
1013464212136,-34,-4,-1,-2,0,-1,0,-1
1013464212136,3,-3,3,3,0,0,-1,-11
1013464227094,-1,0,-2,1,0,-1,-2,2
1013464227094,22,1,-2,-3,-1,1,2,6
1013464228591,-17,-8,-3,1,-2,-1,-1,-1
1013464228591,-6,1,-1,-4,-1,0,0,0
1013464249534,10,-4,-6,-3,-2,-1,0,3
1013464249534,-12,1,-15,0,-1,0,0,-3
1013464251093,8,3,22,5,1,0,0,2
1013464251093,28,4,-4,-6,0,-2,-1,1
1013464272009,-26,-4,-2,4,2,0,1,2
1013464272009,-1,-4,-2,-4,0,1,-1,1
1013464273708,4,6,-3,-1,-1,0,1,-3
1013464273708,-13,-2,-3,0,-2,-3,-3,2
1013464287156,19,5,4,-1,-1,-1,0,7
1013464287156,7,-2,5,0,0,0,-1,-5
1013464288610,-34,-7,-6,-5,-3,-1,0,-6
1013464288610,17,-7,-1,-3,-3,-1,0,-3
1013464309704,-7,6,1,1,1,-1,-2,1
1013464309704,3,-1,2,1,1,-1,-3,-3
1013464311206,9,3,-2,-1,-2,-1,-1,-4
1013464311206,-12,3,4,5,3,2,1,6
1013464331995,-5,-2,-4,-2,-1,-1,-1,-3
1013464331995,31,-2,-1,-1,-2,-3,0,0
1013464333580,-51,-12,0,2,0,-2,0,-1
1013464333580,-6,-2,-2,-1,-1,1,2,-6
1013464347031,7,-5,-4,-3,-2,0,0,-1
1013464347031,12,2,3,1,-1,-2,-1,2
1013464348611,27,4,-7,-3,0,-2,0,2
1013464348611,-23,-4,0,-1,0,-2,2,2
1013464369749,-23,0,1,-2,0,3,-4,-2
1013464369749,25,3,2,0,0,0,-1,0
1013464371151,-27,4,7,5,3,1,9,2
1013464371151,16,-3,-11,-4,-4,0,-11,4
1013464392257,-10,-9,-10,-4,-2,-2,9,-12
1013464392257,-7,2,3,-2,1,-3,-19,1
1013464393780,9,7,6,2,3,5,18,2
1013464393780,4,4,-1,-1,-1,1,-10,9
1013464407218,-17,-7,-4,-1,-3,-2,-6,-6
1013464407218,4,0,0,0,-1,-5,-24,-11
1013464408704,-5,-1,-6,-1,-2,-2,46,7
1013464408704,-8,-5,2,-1,1,4,-1,-2
1013464429727,26,6,3,1,0,4,-7,3
1013464429727,-8,-4,2,1,0,7,52,19
1013464431134,34,18,3,-1,0,-10,-46,0
1013464431134,-48,-34,-10,-8,-7,4,-42,-36
1013464452110,-21,-8,1,-2,-8,-29,-40,-19
1013464452110,-1,5,2,3,1,23,47,13
1013464453682,14,11,5,2,-10,-13,-73,6
1013464453682,14,-12,-8,-4,-5,-9,65,3
1013464474751,27,11,0,2,6,10,-15,-1
1013464474751,1,3,2,0,0,0,39,5
1013464476264,-43,-10,-4,-4,-3,24,92,13
1013464476264,-6,6,2,1,-14,-16,-99,0
1013464489721,8,-3,-6,-10,2,-19,64,-14
1013464489721,-45,-10,0,1,5,-4,-50,-5
1013464491249,11,-2,4,5,0,13,-34,-10
1013464491249,31,4,-2,-5,-3,8,60,2
1013464512194,51,10,0,1,13,18,61,12
1013464512194,-55,-21,-10,-8,-16,-23,-99,-46
1013464513661,3,-9,-10,-8,14,12,24,-4
1013464513661,11,16,14,17,44,-14,51,30
1013464526477,27,11,5,1,-21,3,-84,19
1013464526477,38,-5,1,-3,-6,-7,69,0
1013464533314,-21,-17,-8,-5,-7,-13,-52,-41
1013464533314,72,28,-2,3,-1,-10,-50,-8
1013464549722,-107,-34,-5,-11,-15,-1,103,-14
1013464549722,88,19,-1,4,16,14,-81,49
1013464551227,-47,-39,-15,-11,12,-23,30,-13
1013464551227,14,22,20,10,-32,18,102,5
1013464572114,24,27,6,9,21,2,-107,27
1013464572114,-65,-15,-3,-2,-15,19,10,-1
1013464573776,74,11,-3,-3,1,4,24,-4
1013464573776,-63,-8,-5,-9,3,2,-111,-19
1013464586362,21,-6,1,3,-15,-18,5,-17
1013464586362,-26,-7,-4,-2,38,-7,105,-5
1013464593095,24,25,11,8,-20,-3,-104,29
1013464593095,-22,-20,2,3,29,8,127,45
1013464609513,7,-3,-3,-3,-39,16,-88,-22
1013464609513,40,8,3,0,-1,-14,-5,-5
1013464611105,97,8,1,7,10,15,-68,-47
1013464611105,-92,-1,0,0,6,-2,41,31
1013464633494,7,-30,-15,-8,-14,-40,31,19
1013464633494,16,15,6,5,-6,56,94,-18
1013464636513,-22,16,12,5,-5,-26,47,71
1013464636513,27,18,0,-2,-16,-16,-48,-31
1013464647813,18,0,-3,5,17,20,85,14
1013464647813,23,-6,-7,-5,-13,-21,40,10
1013464653280,-42,1,8,5,-24,1,30,-2
1013464653280,46,5,-1,8,30,10,-26,13
1013464669780,-50,11,6,-3,0,-31,-59,-9
1013464669780,-68,-8,-8,-9,3,21,-23,-58
1013464671266,49,17,1,4,5,-7,58,43
1013464671266,-52,-24,-5,0,2,36,59,52
1013464692000,2,1,-1,6,14,20,30,-59
1013464692000,42,25,10,7,-10,-20,-26,68
1013464693662,-6,-29,-19,-21,-15,23,-10,-102
1013464693662,-62,-1,-4,-17,-34,-39,-17,-60
1013464706477,53,-15,1,7,4,-16,-41,63
1013464706477,18,28,17,8,16,55,91,26
1013464713433,3,57,21,19,35,-14,110,62
1013464713433,24,-88,-21,-2,15,52,50,-33
1013464729671,-51,48,-17,-15,8,50,38,0
1013464729671,38,-23,-6,10,-18,-128,-83,-27
1013464731129,-80,-47,-13,-24,-8,66,-104,-38
1013464731129,-25,-9,1,0,-31,-67,60,10
1013464752162,-12,-19,4,20,21,70,51,10
1013464752162,-1,40,0,1,39,19,-128,-22
1013464753795,9,3,-10,-4,-4,-66,107,15
1013464753795,-47,21,8,-9,10,11,2,2
1013464766516,-55,-13,5,8,-22,-55,-61,-58
1013464766516,46,-8,8,-7,-43,-1,-89,-22
1013464773105,-2,19,5,23,50,52,-18,-1
1013464773105,-60,-70,-12,-32,-80,-60,-69,-63
1013464789726,88,47,13,-14,-36,-45,-49,23
1013464789726,-17,44,0,12,40,13,-27,15
1013464791110,-11,-16,-16,-24,-10,-128,-53,-58
1013464791110,38,-15,10,-3,-50,44,83,-11
1013464812193,-61,-27,-14,1,18,33,-79,-88
1013464812193,-15,-54,-46,-65,-79,-33,65,-17
1013464813608,14,58,23,62,105,103,90,108
1013464813608,46,-23,-18,-41,-65,-7,-40,14
1013464825870,69,11,8,25,46,39,127,51
1013464825870,-95,-94,-22,-12,7,67,-3,-31
1013464834712,92,98,31,-18,-78,-88,50,47
1013464834712,-1,-62,3,42,127,121,-41,-48
1013464849741,-45,72,-1,-33,-94,-128,-34,-11
1013464849741,-44,-28,3,17,19,60,-32,-2
1013464851177,47,20,0,18,80,127,25,-12
1013464851177,127,23,-5,-18,-94,-109,-90,-36
1013464872807,-35,-44,-4,-13,55,84,54,23
1013464872807,76,78,25,31,80,16,-64,75
1013464874289,-118,-125,-40,-41,-98,-31,39,-105
1013464874289,122,126,15,43,47,-93,122,70
1013464885710,-82,-64,0,8,-8,-19,49,-8
1013464885710,3,9,2,-15,-45,-60,0,36
1013464894635,99,-28,-3,-33,-67,-94,-92,100
1013464894635,-127,12,12,39,117,127,-78,-84
1013464909682,118,13,3,5,-41,-94,47,123
1013464909682,17,-1,19,10,26,29,-26,-51
1013464911093,46,-3,23,30,102,93,-63,16
1013464911093,-62,-1,-38,-36,-128,-111,38,-39
1013464932082,21,28,17,20,78,127,114,71
1013464932082,-99,-13,22,-5,-74,-93,48,-56
1013464933677,31,23,-23,-33,-34,111,-58,-90
1013464933677,127,64,24,45,104,13,110,127
1013464945779,-48,-11,-5,1,57,112,-61,-111
1013464945779,127,22,-25,-8,-73,-53,127,102
1013464954705,-107,-99,20,13,0,-57,60,-82
1013464954705,-28,66,2,14,47,-31,0,44
1013464969585,3,-120,-21,-35,-47,65,-108,-61
1013464969585,14,37,12,29,76,46,-53,-80
1013464971180,-33,-4,3,-10,-85,-82,-20,102
1013464971180,89,-49,2,-14,-30,14,22,-22
1013464999757,31,80,2,-22,-26,35,88,81
1013464999757,36,-81,9,30,77,43,-99,-21
1013465001318,-80,42,-17,9,52,115,78,-2
1013465001318,-28,63,-7,-41,-84,-19,-128,-113
1013465005801,68,-32,-33,15,28,-128,78,58
1013465005801,-28,-74,9,7,-9,11,15,-90
1013465014715,-36,-20,-2,17,31,-80,-73,9
1013465014715,74,-42,3,-33,-78,-17,-62,70
1013465029641,17,34,1,3,31,-4,19,-1
1013465029641,-121,11,-24,-25,-1,12,57,88
1013465031114,81,82,26,69,116,1,54,6
1013465031114,-49,-66,-8,-43,-71,-8,64,-39
1013465052143,127,33,14,-8,-49,-77,-128,-16
1013465052143,68,59,-7,14,64,76,119,81
1013465053719,-92,-128,6,-11,-20,3,78,0
1013465053719,-61,69,-5,-19,-22,116,-104,-49
1013465065729,-4,45,15,33,14,-96,41,-48
1013465065729,7,33,-6,-28,-20,-65,-60,-40
1013465074728,-1,-14,-15,-12,-77,-11,-123,-56
1013465074728,89,-15,-15,7,67,4,18,74
1013465089530,-36,-44,19,38,78,127,-56,25
1013465089530,65,21,3,-38,-98,-14,1,-43
1013465091125,60,11,-16,-39,-64,18,-16,-34
1013465091125,-83,3,20,20,22,-81,-40,9
1013465112131,-67,-60,-15,5,31,12,31,82
1013465112131,63,51,10,30,35,17,27,47
1013465113799,28,-21,-18,-8,-8,74,-59,-91
1013465113799,-7,27,17,24,12,15,81,50
1013465125741,11,-6,26,-15,4,102,-11,3
1013465125741,-93,-27,-14,-7,-27,2,-53,-76
1013465134712,58,8,-6,-15,16,61,102,80
1013465134712,15,86,-4,29,81,11,-39,8
1013465149690,10,-67,-10,-19,-17,-26,-43,19
1013465149690,-44,-69,-7,-8,-22,-2,60,23
1013465151169,-22,45,10,-15,-67,-113,-109,-39
1013465151169,21,-20,-10,-7,-19,7,27,-60
1013465172166,-16,13,-7,-1,-18,26,80,-13
1013465172166,-54,21,-4,0,17,47,4,-38
1013465173658,-15,-14,-4,14,59,42,103,40
1013465173658,81,-30,5,3,7,-28,18,42
1013465185831,-18,16,-2,-8,-8,39,-75,-55
1013465185831,68,-5,-4,-10,-48,-74,111,93
1013465194653,-27,17,0,-3,-3,27,-47,-58
1013465194653,-108,-45,8,30,104,100,-13,-16
1013465209557,58,60,-3,-4,-94,-87,21,61
1013465209557,-89,-47,-11,-31,-66,-56,-52,52
1013465211110,74,1,8,5,-12,45,5,47
1013465211110,-70,-22,-7,6,28,31,1,-16
1013465231969,-47,7,-5,-20,26,34,19,-41
1013465231969,9,20,9,25,80,15,17,11
1013465233602,40,93,-3,1,7,21,42,33
1013465233602,-51,-84,-22,-28,-74,-43,-47,32
1013465254735,14,18,0,5,-19,-5,-3,-59
1013465254735,56,19,5,6,-2,38,-8,17
1013465256138,-94,-14,-17,15,95,72,-8,23
1013465256138,90,42,9,27,24,72,111,85
1013465268634,-62,-99,14,-11,-32,-74,122,0
1013465268634,48,33,-13,-45,-83,68,-78,-55
1013465277225,35,27,18,33,84,58,29,40
1013465277225,-43,-13,-11,-16,-24,-25,-11,-30
1013465292118,114,41,-6,5,22,8,80,51
1013465292118,-116,-77,11,36,105,106,87,-9
1013465293662,37,-19,-20,-29,-105,-106,-70,-13
1013465293662,-72,0,-5,-41,-71,-42,10,25
1013465314645,90,11,15,11,74,122,-67,-66
1013465314645,39,-7,-24,-20,-62,-124,26,45
1013465316120,48,26,15,5,-22,31,-5,38
1013465316120,-7,31,-11,-8,3,-23,-54,-39
1013465328957,-17,-14,6,20,23,68,-37,-49
1013465328957,12,44,6,-7,8,-32,-42,-16
1013465335817,-34,-33,0,-18,-81,-128,91,20
1013465335817,-19,-11,10,27,76,118,39,25
1013465351980,-58,-59,-11,-12,-29,-30,5,-43
1013465351980,55,47,18,19,60,104,-44,4
1013465353596,42,8,-5,-6,-14,-6,38,84
1013465353596,-57,-14,-10,-3,-8,68,-25,-30
1013465374692,69,-3,-2,-10,-33,-62,-43,-43
1013465374692,-41,29,3,-6,-27,-13,-37,-16
1013465376139,-70,-51,-12,-8,24,34,12,-33
1013465376139,35,-27,13,16,56,37,41,92
1013465389040,-19,60,-3,11,-24,-47,-15,108
1013465389040,76,42,-12,-5,-19,-34,11,-40
1013465395721,-52,-43,3,-2,-2,50,37,-25
1013465395721,-6,-54,19,12,27,-2,-1,27
1013465412704,33,60,-10,-18,-32,-11,24,-86
1013465412704,-68,-46,-8,5,8,-27,29,-3
1013465414070,73,30,6,27,104,79,74,22
1013465414070,-26,19,4,-17,-70,14,-23,-83
1013465434636,77,-12,-6,1,8,-65,42,20
1013465434636,12,33,13,12,36,99,0,27
1013465436138,-72,-42,-6,-24,-54,-17,64,-5
1013465436138,102,16,11,3,1,34,-34,-39
1013465448888,-104,14,-2,-9,-10,20,36,79
1013465448888,-63,-19,-14,-1,3,-21,-78,-109
1013465455632,101,25,15,11,30,35,-66,82
1013465455632,-28,8,-17,-13,-4,-53,-53,-55
1013465472143,31,-5,-12,8,76,88,10,-34
1013465472143,-4,16,20,2,-63,-75,-47,26
1013465473659,-25,1,-6,-8,-10,-8,-82,-27
1013465473659,52,-27,4,5,25,17,-55,-35
1013465494699,-36,-66,-11,-10,-19,-40,-35,15
1013465494699,44,-28,-5,15,77,87,57,38
1013465496232,10,3,-5,-18,-74,-128,28,-11
1013465496232,62,61,7,7,7,99,54,68
1013465508903,-114,7,0,-9,-36,-80,-84,64
1013465508903,37,-60,-4,5,20,37,-19,-14
1013465515894,-21,23,4,-2,8,-24,33,-10
1013465515894,47,41,-9,1,-21,-99,-18,36
1013465532156,-3,-5,-7,-11,20,87,70,-40
1013465532156,-12,-15,-6,9,-21,-106,-5,88
1013465533670,3,-71,9,14,13,62,-25,-6
1013465533670,-34,33,0,-15,-36,-37,31,40
1013465554692,-55,20,3,7,46,-34,-25,-86
1013465554692,-35,-19,-6,-14,-35,31,-14,44
1013465556159,-38,-53,-14,-8,-26,-74,-6,-34
1013465556159,28,-1,-2,-2,-1,-47,34,-24
1013465568950,59,18,16,18,4,43,32,28
1013465568950,-64,47,-5,-9,29,21,113,-87
1013465583400,-4,-66,-4,-6,-24,1,8,-59
1013465583400,62,31,4,10,35,29,-71,-63
1013465592209,-81,-19,-4,0,-16,16,17,-47
1013465592209,15,12,-3,6,33,-18,71,-35
1013465593666,74,86,18,2,-45,33,-47,40
1013465593666,-32,15,-1,12,29,46,-56,-15
1013465614702,54,-41,-4,-7,-14,-4,-47,5
1013465614702,30,-3,4,3,32,41,37,25
1013465616293,-51,49,0,1,7,-18,-119,-22
1013465616293,4,-18,10,7,-3,7,50,87
1013465628912,-34,-4,-4,-2,10,9,-81,-7
1013465628912,-9,80,8,-3,-27,-3,77,50
1013465635792,23,-70,-10,14,71,32,23,-28
1013465635792,-2,-22,-3,-14,-50,-55,45,-25
1013465652012,6,43,10,18,36,33,-7,31
1013465652012,104,-1,13,-9,-63,-40,-105,61
1013465653606,-60,13,-19,-9,27,86,69,-22
1013465653606,5,-8,-8,-2,-4,16,78,20
1013465674633,-40,13,18,4,-31,-33,84,23
1013465674633,29,-45,-13,-6,7,-12,-56,-42
1013465676205,39,6,1,-1,12,-13,-71,-42
1013465676205,36,-41,-7,4,19,0,-33,-7
1013465688935,-43,22,7,0,-9,12,114,-9
1013465688935,-32,-3,4,-6,-46,-27,-13,47
1013465695653,-27,-6,-3,0,-1,-6,-16,-38
1013465695653,34,-15,-7,8,46,68,72,52
1013465712066,62,9,2,-6,-30,-92,12,-23
1013465712066,-33,-5,-3,0,10,2,38,-14
1013465713697,37,-11,7,9,39,56,-41,78
1013465713697,-54,19,9,-10,-53,-59,-86,-49
1013465734677,55,-12,-9,-1,23,39,38,-10
1013465734677,-12,-28,2,2,-12,28,80,-13
1013465736183,4,46,3,1,-9,-28,-19,21
1013465736183,-66,-41,0,7,29,-35,62,14
1013465748198,1,4,-5,-1,-5,47,-20,15
1013465748198,36,-34,-7,-15,-17,-91,-46,3
1013465757190,23,10,-9,-2,18,42,16,-50
1013465757190,-1,17,5,-4,-11,-1,-14,8
1013465772216,-73,0,-10,-6,-9,-26,-23,-2
1013465772216,24,-11,8,7,24,21,48,-17
1013465773798,28,-4,-9,-1,-15,-35,-65,-16
1013465773798,-65,-1,-17,-15,-8,54,-83,-73
1013465794810,16,-59,-1,-2,-10,-62,-51,-6
1013465794810,-14,39,-4,6,38,80,-39,-41
1013465796364,-26,18,8,-11,-52,-76,88,86
1013465796364,16,-53,-12,-11,-31,-44,-53,-35
1013465808221,60,35,6,27,95,95,52,27
1013465808221,-52,30,12,-4,-49,1,-26,59
1013465817364,23,28,-1,1,-15,-52,74,-27
1013465817364,-74,-39,-4,-3,-3,20,-58,-35
1013465832063,59,-1,6,-9,-16,22,97,59
1013465832063,65,-7,8,16,42,43,-39,-60
1013465833669,42,4,-11,-1,14,3,34,-1
1013465833669,-43,9,11,8,16,39,127,122
1013465862283,42,2,0,-19,-63,9,-21,14
1013465862283,30,7,3,14,45,-4,9,9
1013465863678,-23,-49,3,1,-3,36,8,-11
1013465863678,76,14,4,-6,-23,-34,69,-33
1013465868254,-48,6,-23,-14,-57,-55,-81,-86
1013465868254,-23,-38,-4,-11,-21,21,-2,55
1013465877237,47,28,8,5,9,-1,-43,39
1013465877237,46,9,6,18,74,-14,44,4
1013465892200,-27,63,3,-4,-39,-47,-5,28
1013465892200,-5,-10,-3,-11,-69,-96,34,2
1013465893853,-60,5,-10,-11,-3,7,73,-46
1013465893853,105,11,-7,-2,5,53,5,-10
1013465914665,-46,-6,14,15,55,11,-20,-20
1013465914665,-21,1,1,7,43,70,46,18
1013465916329,17,-13,-3,-20,-38,57,-55,51
1013465916329,8,43,-12,-21,-97,-128,-50,14
1013465928231,8,-25,-1,9,49,87,68,-19
1013465928231,32,-51,-3,-1,1,20,-13,-22
1013465937146,-60,41,19,12,34,80,-4,-42
1013465937146,-11,7,-1,4,29,-1,-71,-3
1013465951533,-20,-12,-4,-5,-23,-59,-90,16
1013465951533,24,-15,4,15,72,104,113,30
1013465959645,-63,-3,-16,-20,-64,-128,-53,-57
1013465959645,4,-22,-4,-5,-29,115,28,-27
1013465974855,-12,70,15,3,3,-76,14,86
1013465974855,-69,5,-15,-20,-31,44,-2,-11
1013465976190,45,-63,-3,21,49,8,79,64
1013465976190,-35,2,4,10,37,34,13,-32
1013465988262,-9,-1,-10,5,70,127,26,-17
1013465988262,52,34,18,-3,-72,-78,71,-30
1013465997210,-1,-42,0,12,60,108,-11,23
1013465997210,-57,29,4,-2,-50,-67,74,-29
1013466012184,20,-1,-4,-6,-6,3,36,21
1013466012184,-17,-21,-10,9,51,23,-2,-23
1013466013673,-59,76,4,-3,-26,-48,-89,-11
1013466013673,100,-52,9,1,31,111,74,54
1013466034675,4,-37,0,0,-44,-92,-81,-69
1013466034675,-7,12,-3,-19,-37,-29,18,-83
1013466036170,33,28,1,-1,-9,-14,56,-19
1013466036170,-56,-27,-13,8,61,43,-56,69
1013466048281,47,17,-8,-8,-31,-22,41,-4
1013466048281,2,-19,37,33,44,43,-87,-22
1013466057230,-77,-7,-9,-18,-43,3,29,-53
1013466057230,123,38,-3,-12,2,-16,12,-25
1013466071828,-103,-41,-3,6,15,49,71,40
1013466071828,15,55,-9,8,45,5,32,57
1013466078334,29,-53,2,10,12,37,43,-22
1013466078334,-47,-13,5,-1,-25,7,-1,26
1013466094680,79,32,-6,-14,-29,-87,-99,-38
1013466094680,-78,-1,-17,-6,-10,-34,-39,16
1013466096160,-49,-25,4,0,9,-8,-63,-2
1013466096160,36,35,-6,9,0,-23,5,-21
1013466108417,-54,-85,19,14,26,127,108,111
1013466108417,13,6,-10,-24,-35,-36,-31,-79
1013466117351,82,8,-3,-10,-45,-21,-52,-40
1013466117351,-42,4,-1,6,42,20,-4,-8
1013466139706,56,107,6,25,64,82,18,-11
1013466139706,-59,-121,-19,-25,-105,-120,-96,-63
1013466141134,101,42,6,-1,23,72,-7,14
1013466141134,-81,11,-5,-7,14,1,89,-33
1013466154718,21,-46,-8,7,14,13,23,49
1013466154718,-48,39,-3,-7,6,49,1,-26
1013466156196,72,-15,12,15,62,24,80,48
1013466156196,39,32,7,-5,-54,-118,-128,8
1013466177194,-94,-16,-15,-27,-64,-82,31,36
1013466177194,31,10,16,11,15,-3,-56,37
1013466178711,-78,-6,-6,-4,14,35,71,-15
1013466178711,-40,-22,-5,4,-12,-18,-8,-3
1013466192042,43,54,11,18,77,48,-8,23
1013466192042,75,-41,-11,-7,-13,-14,-1,7
1013466193623,-27,36,-2,-10,-45,-50,-63,-24
1013466193623,38,24,16,13,27,85,103,-15
1013466214581,-39,-5,-9,-17,-34,3,-95,-64
1013466214581,-50,11,-2,21,60,41,-37,15
1013466216160,-24,-49,2,4,26,-45,57,31
1013466216160,7,-10,7,-2,-40,-16,-9,60
1013466237187,63,4,-7,-14,-51,-65,-25,-68
1013466237187,101,62,12,14,54,77,42,89
1013466238658,15,54,-17,1,-33,-76,-21,25
1013466238658,-54,-83,-6,-27,-20,-25,-86,-62
1013466252130,68,40,7,6,16,29,-51,-14
1013466252130,-121,-9,0,6,12,20,5,4
1013466253835,46,44,-9,26,102,75,72,-4
1013466253835,9,-63,-15,-19,-69,-39,-8,17
1013466274706,48,-52,-1,-6,-1,71,43,-25
1013466274706,5,73,3,-13,-25,-46,3,39
1013466276186,-29,-34,4,-6,-30,-31,-6,-44
1013466276186,59,4,8,15,39,51,33,-41
1013466297182,-86,1,2,-8,-38,-38,-7,-63
1013466297182,17,8,-12,-5,15,43,75,-7
1013466298842,5,-50,24,7,-7,-8,-67,77
1013466298842,24,75,-9,-11,-8,8,19,25
1013466312219,14,-32,3,26,78,31,80,-21
1013466312219,-38,-11,-11,-18,-51,-73,13,34
1013466313680,12,13,0,-16,-45,-36,-46,-101
1013466313680,-13,-14,0,25,123,113,11,-6
1013466334686,-54,1,-8,-29,-104,-109,-109,1
1013466334686,88,44,-16,9,25,-43,-76,-44
1013466336156,-128,-68,-9,-18,-9,40,95,27
1013466336156,78,35,19,-1,-43,-20,-15,19
1013466356477,-8,-21,2,16,56,33,18,46
1013466356477,12,-19,2,11,70,127,49,-7
1013466357162,53,9,2,4,-56,-73,52,-47
1013466357162,-36,-12,-10,-4,26,47,14,-41
1013466370856,89,-8,-9,-18,-85,-84,33,15
1013466370856,-52,7,-1,-6,-40,-6,-38,-56
1013466379095,11,-30,15,6,27,77,24,27
1013466379095,-20,17,-1,15,35,16,127,34
1013466394005,-28,27,4,7,54,15,13,-14
1013466394005,80,-4,4,-4,-77,-105,52,24
1013466394690,11,23,-9,-11,15,89,-54,-3
1013466394690,-4,15,-6,-14,-62,-128,-126,-92
1013466416554,-29,57,0,20,114,93,-20,9
1013466416554,17,-61,3,-11,-68,-9,90,90
1013466417249,-55,51,6,-5,-11,-80,-87,-33
1013466417249,-9,-33,1,-6,36,79,76,73
1013466431429,-38,12,-1,22,39,-17,61,-45
1013466431429,-3,-49,-10,-18,-45,-46,53,75
1013466432314,47,75,-2,0,3,17,21,2
1013466432314,-19,-90,-7,-5,-32,20,-73,-28
1013466453934,10,-7,5,-6,-31,8,-36,-56
1013466453934,-39,14,-1,20,83,44,42,-33
1013466454700,23,-46,-21,-3,-24,-40,16,11
1013466454700,36,125,9,-11,-8,-18,-19,-4
1013466476567,15,-74,-4,-3,-31,-61,119,39
1013466476567,-73,-44,-3,-20,-67,-81,-128,-128
1013466477212,70,11,11,10,59,102,70,31
1013466477212,-30,25,2,15,-11,-126,53,8
1013466491499,106,6,-4,-10,0,48,3,23
1013466491499,3,8,1,11,20,-35,28,75
1013466492208,-41,33,15,-6,-38,31,35,-43
1013466492208,1,-37,-2,8,-3,-7,64,27
1013466514001,-82,-18,6,18,52,75,-14,-48
1013466514001,63,55,-5,-12,-40,-52,-4,60
1013466514677,29,4,-13,3,51,106,17,-3
1013466514677,3,-49,-6,-11,-54,46,-59,-20
1013466536543,-66,58,-8,-26,-60,-74,-77,-25
1013466536543,2,-55,-6,13,121,127,103,23
1013466537229,-5,-29,-5,-3,-101,-128,-39,6
1013466537229,-21,-11,-4,3,57,107,24,2
1013466551523,88,51,-5,-1,-16,-128,-78,65
1013466551523,16,-41,9,-15,-34,-3,-69,-59
1013466552285,-8,23,1,-3,19,-26,-59,13
1013466552285,12,-2,-2,6,36,59,39,34
1013466574056,-98,-27,5,12,7,50,10,-37
1013466574056,58,4,9,6,45,60,55,35
1013466574737,13,1,5,2,-2,-8,105,-56
1013466574737,41,35,-3,-12,-72,-31,-75,5
1013466596514,-88,-48,-4,2,-21,-80,84,42
1013466596514,73,52,1,14,58,123,21,-5
1013466597239,-66,-26,2,-21,-44,79,-84,15
1013466597239,-88,-40,-21,-18,-37,-128,-12,18
1013466610847,102,31,35,15,8,127,44,22
1013466610847,-70,-17,-2,9,24,1,-73,-40
1013466618996,79,25,-1,17,56,-40,-24,105
1013466618996,-68,7,-3,-5,-47,-75,-105,-74
1013466633884,36,0,-11,2,36,79,83,63
1013466633884,13,18,13,10,-29,-128,-77,-31
1013466634770,-35,51,-15,-18,-22,59,65,75
1013466634770,105,10,-3,-1,52,20,-49,-60
1013466656511,-83,-113,-22,-17,-55,-105,-6,21
1013466656511,37,33,-8,4,39,102,-111,-68
1013466657204,-79,3,-6,-18,-67,-128,-63,44
1013466657204,127,37,1,-12,-24,73,108,9
1013466671313,-43,56,4,10,36,109,33,46
1013466671313,19,-76,-6,16,73,49,14,-53
1013466672133,-46,-18,-9,-4,-54,-25,-56,-31
1013466672133,21,-37,25,18,37,-8,-19,19
1013466693889,-45,-20,-9,-25,-19,40,-90,-71
1013466693889,12,12,1,-4,25,114,127,-30
1013466694704,0,-5,-2,19,-37,-73,-64,64
1013466694704,-27,-27,-1,-11,10,100,8,6
1013466716349,101,-12,1,-18,-66,-40,34,-65
1013466716349,-52,-20,-5,-21,-28,-50,-29,9
1013466717145,46,23,-2,21,56,16,113,-37
1013466717145,-67,-30,4,19,59,31,37,25
1013466731332,94,15,-2,-11,24,-31,-126,-4
1013466731332,27,38,4,-24,-103,-57,-61,0
1013466732163,-33,-8,-3,2,64,87,102,17
1013466732163,-34,4,0,13,13,-22,126,4
1013466753894,-14,-26,11,2,0,-22,-21,-44
1013466753894,-128,-15,-7,-6,-28,-34,30,-5
1013466754636,105,1,16,5,-5,4,-46,-20
1013466754636,-65,8,-2,-11,-45,21,-73,-6
1013466776331,112,15,-15,-8,-7,-17,-120,0
1013466776331,-33,-8,4,0,-29,-65,-3,15
1013466777148,-55,-19,7,12,75,86,42,19
1013466777148,42,62,9,10,27,-12,76,-48
1013466790690,-31,-52,5,22,-4,-27,-58,49
1013466790690,17,68,-8,-28,-53,3,-55,3
1013466798894,58,-48,-7,6,67,85,50,-50
1013466798894,40,-13,-8,-7,-52,-111,-60,88
1013466813855,3,63,12,16,61,122,64,79
1013466813855,45,-12,28,21,20,110,29,-15
1013466814633,-18,-6,-3,-20,-95,-20,-37,9
1013466814633,24,3,-6,-2,24,64,24,6
1013466836346,-25,37,-16,-7,17,55,37,-19
1013466836346,2,-51,17,25,38,-17,25,48
1013466837145,-22,-6,1,-2,-6,-58,28,-48
1013466837145,50,28,1,0,-4,25,44,25
1013466850650,-100,5,-8,-2,-1,-2,79,-24
1013466850650,-6,21,-10,12,32,51,-9,-27
1013466858905,49,-5,13,3,-1,-72,-79,-46
1013466858905,-11,-21,-3,-6,-49,-28,57,-15
1013466873832,73,48,5,-5,-4,57,15,27
1013466873832,-39,-10,-14,-20,-50,-128,1,66
1013466874644,-93,-21,-12,-9,-35,-22,-109,-96
1013466874644,-7,17,5,0,23,47,-19,-33
1013466896379,-33,-44,-5,-10,-26,-28,-50,-8
1013466896379,64,11,-5,5,1,-3,98,-15
1013466897192,22,-22,-10,-13,-4,16,82,56
1013466897192,29,24,11,4,14,-24,1,-34
1013466910675,-69,-29,-1,4,-6,-3,-7,-28
1013466910675,-87,-10,-7,12,85,75,-18,3
1013466918889,47,34,-6,-16,-38,-98,17,26
1013466918889,7,3,4,-4,-38,-71,12,31
1013466933847,22,-37,-2,0,15,2,-39,-16
1013466933847,-21,17,-2,1,5,-5,-7,-23
1013466934654,27,-14,-2,10,9,38,-34,-6
1013466934654,-41,19,0,-7,67,39,3,78
1013466956381,13,15,8,24,-46,-27,-7,8
1013466956381,0,-11,-2,-16,-11,-41,-1,-20
1013466957182,-73,-7,-8,-9,19,53,-18,-13
1013466957182,-9,-8,-7,-3,29,-1,-58,-14
1013466970664,19,-4,5,-4,-5,-18,12,7
1013466970664,37,14,5,2,-44,-5,-11,22
1013466978890,5,10,9,30,44,7,17,9
1013466978890,-20,-13,-8,-26,-14,29,-33,-13
1013466993866,-4,-19,-9,-16,18,-12,12,-3
1013466993866,39,24,-3,14,-9,12,9,7
1013466994687,5,6,13,6,11,50,-8,24
1013466994687,31,-5,1,24,3,-59,-12,-10
1013467016396,-44,-13,-6,3,-45,6,20,-15
1013467016396,-20,-8,-2,15,-15,-65,-16,-5
1013467017189,6,4,1,33,-3,0,-2,-15
1013467017189,21,14,6,-52,-25,66,-4,21
1013467030711,35,18,0,30,65,58,22,-5
1013467030711,-8,-12,6,-26,-24,-44,-2,8
1013467038894,-31,-22,-6,-13,-38,-39,-28,-10
1013467038894,-20,8,-10,14,-18,6,8,-5
1013467053884,24,10,8,-13,8,-36,-1,3
1013467053884,48,22,4,2,-16,42,15,30
1013467054700,33,-2,0,29,7,-1,-5,-16
1013467054700,-46,-29,-6,-11,24,-6,3,6
1013467076376,-56,0,-9,-21,-46,-4,-14,-13
1013467076376,-31,-12,-10,3,29,-4,-2,7
1013467077188,82,15,24,-1,18,-5,22,22
1013467077188,68,13,0,24,-3,28,1,23
1013467090702,28,-1,-7,-8,9,-31,-8,3
1013467090702,-5,29,2,-22,-10,-2,-13,-15
1013467098868,-21,-23,-4,-14,8,12,-3,4
1013467098868,-30,-25,-9,-1,-16,4,-8,-10
1013467113854,127,25,4,0,6,-31,8,5
1013467113854,-56,-26,-9,-5,-21,-20,-8,-15
1013467114801,31,21,-4,-16,-9,24,2,14
1013467114801,-2,-11,8,33,18,4,-5,2
1013467136395,-24,51,20,-9,-1,-5,14,30
1013467136395,-42,-44,-17,9,-23,2,-9,-31
1013467137168,32,-16,-15,-26,31,12,-1,-14
1013467137168,-85,44,14,8,-8,-6,1,-8
1013467159586,71,-45,-10,-3,-13,-1,-2,1
1013467159586,101,47,17,12,13,28,16,32
1013467160367,72,15,-4,-4,2,-1,-4,9
1013467160367,-59,-34,-17,-1,-9,-23,-22,-45
1013467173862,-126,-22,0,-7,2,2,2,-5
1013467173862,91,4,0,-9,10,12,2,-1
1013467174635,-3,31,0,3,1,-4,-2,15
1013467174635,83,-8,2,4,-1,-8,6,1
1013467196340,-70,-1,5,10,-3,11,1,-10
1013467196340,21,-13,-4,-7,7,2,-2,20
1013467197149,-123,-1,3,-1,-5,-4,-2,-7
1013467197149,66,-15,1,-3,-3,-2,0,-4
1013467219566,-52,-5,-5,-5,-5,1,1,1
1013467219566,57,8,-5,4,4,4,3,8
1013467220342,-31,6,4,-5,7,0,2,-2
1013467220342,2,1,-15,-4,-3,-3,1,15
1013467233885,106,3,1,-1,3,-6,0,-6
1013467233885,-128,-15,-4,1,1,7,-5,-32
1013467234682,71,-6,-2,-3,-15,-6,-4,4
1013467234682,-77,-12,0,0,5,7,-3,-19
1013467256376,89,5,0,3,-18,-15,2,8
1013467256376,4,10,8,1,2,6,3,11
1013467257165,-17,-13,-5,1,9,2,-3,-8
1013467257165,25,31,14,-1,-1,-3,4,15
1013467279575,-61,-19,-9,-4,0,2,-1,-11
1013467279575,-3,3,7,4,6,4,-4,-13
1013467280360,-22,-19,-9,-10,-5,-3,4,3
1013467280360,-7,9,3,9,1,-4,-5,11
1013467293855,13,-16,-3,-19,-3,3,-4,-3
1013467293855,22,2,-3,5,4,0,4,15
1013467294664,-15,10,7,3,-1,4,-1,8
1013467294664,-8,3,-2,3,-1,-5,3,-3
1013467316348,-6,-4,-5,-1,-2,1,-4,-25
1013467316348,17,5,-2,-5,-6,1,1,13
1013467317123,-40,-3,2,-1,0,1,1,-4
1013467317123,21,-2,6,6,10,-1,-1,-10
1013467339575,46,22,3,3,3,0,3,30
1013467339575,-63,-8,-5,-2,2,-2,0,-6
1013467340352,68,-20,-8,-1,-3,-4,-7,-17
1013467340352,7,-29,-7,-18,-10,-6,1,-5
1013467353908,-2,23,4,6,2,3,1,1
1013467353908,62,10,1,-3,0,1,3,-1
1013467354685,-46,0,-1,4,5,1,-6,-10
1013467354685,36,2,1,0,1,1,1,11
1013467376380,-81,-9,-4,-5,-1,1,-2,-11
1013467376380,-2,-14,-3,5,0,-2,-1,-14
1013467377197,42,10,-7,-6,-3,-1,6,9
1013467377197,-60,-4,10,0,-6,-2,-1,-17
1013467399516,45,13,1,3,5,4,2,17
1013467399516,-65,-14,-3,-10,-10,-2,1,4
1013467400301,10,16,5,6,3,1,-1,-14
1013467400301,-64,-30,-12,-1,3,-3,-4,1
1013467415466,71,1,-1,-1,-5,0,-1,0
1013467415466,15,2,0,1,4,0,-1,6
1013467416139,11,8,6,4,3,1,5,13
1013467416139,3,13,-2,-2,-2,1,1,-9
1013467437181,-9,0,2,0,-3,0,-1,6
1013467437181,-40,-20,-6,-5,6,-3,-6,-13
1013467438022,26,0,-8,-3,-5,2,0,-6
1013467438022,-10,7,11,2,-2,-1,-2,10
1013467459593,2,-2,10,2,4,1,3,-23
1013467459593,17,20,-2,2,-8,2,-6,15
1013467460525,-57,-17,-3,-7,-3,-2,-1,6
1013467460525,17,-4,-11,-4,-3,-4,-3,-10
1013467474038,23,4,-6,1,0,-1,2,0
1013467474038,-1,-5,9,2,2,0,-1,-30
1013467474738,11,18,4,5,3,0,3,9
1013467474738,28,-4,-3,0,-6,-2,-4,-8
1013467497148,-97,-17,-2,-2,5,1,-3,-14
1013467497148,21,0,-7,-3,0,-1,0,4
1013467497896,-13,-13,-6,0,4,1,0,12
1013467497896,8,7,0,0,-2,-1,0,-23
1013467527112,3,-1,-1,-2,-6,0,1,6
1013467527112,3,4,4,-4,7,1,1,2
1013467527866,28,9,7,4,-1,0,2,5
1013467527866,-30,-17,-13,-6,1,-1,2,-11
1013467533979,-5,-10,-2,1,-4,-6,-9,-13
1013467533979,0,11,6,9,5,2,1,3
1013467534803,1,-2,3,2,0,0,0,-3
1013467534803,36,12,-3,-3,3,1,3,8
1013467557227,8,-11,-11,-4,-3,-2,-2,8
1013467557227,-76,-7,-7,-4,0,-4,-2,-8
1013467557897,19,-40,7,0,0,-1,-3,-10
1013467557897,-8,21,8,6,1,3,2,12
1013467579589,-24,-6,-7,-3,-3,-1,0,1
1013467579589,-6,11,7,1,0,1,1,2
1013467580339,32,-7,-14,-5,-4,-3,-3,7
1013467580339,1,4,-1,-1,1,-1,-3,-17
1013467594071,-16,-9,9,10,6,0,2,9
1013467594071,-35,-6,-1,-12,-11,-3,-2,-10
1013467594658,15,-5,-11,1,9,-3,-4,-12
1013467594658,-19,-3,5,-2,0,-2,-2,-1
1013467617127,27,16,1,-2,-10,2,2,4
1013467617127,18,-5,-14,5,-1,0,1,8
1013467617889,-17,7,12,0,-1,-1,-2,-2
1013467617889,6,-3,-5,-4,0,-1,0,9
1013467639779,-6,-2,-2,1,2,-1,1,-5
1013467639779,21,-2,-4,0,-2,1,0,10
1013467640455,-30,-3,-3,-3,-6,-2,0,-2
1013467640455,5,8,3,4,-1,-1,-1,-6
1013467654019,5,-6,2,-1,2,1,-6,19
1013467654019,58,8,6,-2,0,-1,2,2
1013467654691,-49,-9,-7,-3,-2,-2,-2,-12
1013467654691,10,-12,-6,-5,-4,0,1,5
1013467677175,-21,-4,-3,1,-3,-2,-1,-13
1013467677175,26,1,1,1,4,1,-1,3
1013467677924,12,6,1,-1,-1,1,1,3
1013467677924,-2,3,6,2,0,-1,0,14
1013467699598,48,24,2,-2,-1,-1,2,6
1013467699598,-2,-23,-8,-1,1,-2,-2,-7
1013467700346,-33,-1,2,-2,-5,0,1,-8
1013467700346,36,9,2,5,1,1,1,4
1013467713269,1,-1,-5,-4,2,0,2,0
1013467713269,-46,-8,0,2,10,-1,-3,-4
1013467721608,1,10,5,-6,-9,-1,2,1
1013467721608,2,0,-1,0,-3,-1,2,-10
1013467737194,40,3,1,0,-3,1,-1,6
1013467737194,-26,-4,-5,-4,0,-1,1,0
1013467737931,-3,-9,-5,-2,4,1,3,6
1013467737931,-5,1,-6,-2,-1,0,2,6
1013467759736,-9,1,4,-1,-2,0,-1,-20
1013467759736,21,4,3,-1,-6,-1,-1,-1
1013467760414,15,8,0,4,1,1,0,-3
1013467760414,-12,-14,-3,-2,-4,-1,-2,13
1013467773382,-51,-10,-3,4,2,-1,0,3
1013467773382,5,7,0,-4,-3,1,-4,-15
1013467781515,-10,14,6,3,2,1,1,3
1013467781515,56,-11,-8,-1,3,-2,-5,-4
1013467796151,17,6,5,2,1,0,-1,3
1013467796151,12,7,1,-1,-4,-2,2,10
1013467804165,19,9,-1,3,0,0,-2,-9
1013467804165,-24,-8,-6,-6,2,-1,1,-16
1013467819698,-76,-10,6,3,-2,0,-5,3
1013467819698,17,10,2,0,-3,0,0,2
1013467820533,5,-22,-5,-1,-2,-2,2,3
1013467820533,5,11,0,4,1,0,-1,3
1013467833257,9,-1,-3,-6,-1,-1,1,-5
1013467833257,4,8,3,3,1,1,3,5
1013467841539,-11,-4,-6,-3,-8,-3,-4,-2
1013467841539,-12,-3,3,0,1,0,1,-4
1013467857249,-12,-2,-4,-4,-1,-2,-1,3
1013467857249,34,5,3,2,-1,2,0,4
1013467858006,27,1,1,-7,1,-1,-2,1
1013467858006,-32,5,-2,5,-1,-3,-5,-3
1013467879728,-8,-22,-6,-4,-3,-1,0,-8
1013467879728,-19,-2,6,6,7,0,1,-1
1013467880414,-14,2,2,0,-6,0,-5,22
1013467880414,34,10,-1,-7,-3,-2,-2,-6
1013467902245,6,2,-6,-3,-2,-1,2,3
1013467902245,-38,-13,-7,-3,-4,-2,-2,1
1013467902908,1,-2,3,-1,1,1,3,-13
1013467902908,21,2,1,3,-1,0,-2,8
1013467917300,17,10,3,2,1,-2,-1,4
1013467917300,40,-1,-5,-6,-3,0,3,6
1013467917931,-86,-12,-5,-1,-2,-3,-3,-14
1013467917931,-14,0,-6,-2,-1,-2,-1,2
1013467939774,27,5,13,0,-1,0,0,-10
1013467939774,10,5,5,0,0,0,0,4
1013467940470,2,3,7,5,6,2,3,5
1013467940470,0,9,2,3,-2,-1,0,6
1013467953297,-49,-23,-10,-4,3,-2,-4,-13
1013467953297,-10,1,-3,-6,-15,-4,-3,-8
1013467961511,32,-2,-1,0,3,0,-1,4
1013467961511,-9,-4,3,-1,1,2,1,6
1013467977262,30,18,5,3,-4,0,1,2
1013467977262,3,-5,-2,-2,-2,0,4,-3
1013467977939,12,0,-7,0,9,1,-2,-5
1013467977939,4,7,-3,-4,0,-1,1,5
1013467999713,-51,-6,-3,2,2,-2,-4,-1
1013467999713,18,-7,2,-2,0,-2,-1,-11
1013468000401,45,10,3,2,-5,-2,1,19
1013468000401,-19,-5,2,1,4,1,1,5
1013468013507,-4,0,-1,-3,-4,0,0,-25
1013468013507,-16,0,-1,-1,2,-1,-2,6
1013468022196,4,-7,-3,-3,-3,1,-1,-16
1013468022196,29,0,3,0,1,-1,-1,1
1013468036601,-29,-6,-8,-4,-1,-1,-2,15
1013468036601,2,5,5,2,4,-1,-4,-9
1013468043371,-31,-3,1,1,1,0,0,1
1013468043371,-17,5,-5,-4,-5,-1,0,-4
1013468059725,58,-9,0,-2,-2,0,1,4
1013468059725,-19,-11,-4,2,1,-1,-2,-2
1013468061249,17,8,6,-2,-1,-2,-2,-3
1013468061249,-20,-6,0,1,-4,0,-1,-1
1013468082676,20,8,-3,6,1,2,2,6
1013468082676,-4,-2,0,-8,9,-1,2,10
1013468084192,-14,1,-8,-2,0,-2,-2,-7
1013468084192,-33,-7,3,-1,-2,0,-1,-4
1013468096575,2,-3,-4,-2,-3,-1,-3,-1
1013468096575,3,3,-1,5,4,1,4,-11
1013468103430,13,2,2,2,-1,0,0,12
1013468103430,-14,3,-4,2,2,-1,-2,-17
1013468119760,7,7,4,-4,3,0,1,3
1013468119760,-2,-16,-4,-3,-6,-1,-1,-5
1013468121305,4,-2,-6,-3,-3,-2,0,6
1013468121305,9,-3,-5,-1,-3,-1,-1,1
1013468142168,-13,1,21,4,-2,1,0,4
1013468142168,-4,7,0,2,0,0,-4,-5
1013468143741,3,0,-2,1,-1,1,2,-2
1013468143741,50,-3,-1,-3,-1,0,1,17
1013468157247,-59,-16,-14,-2,0,-2,-1,-14
1013468157247,17,7,-1,-4,-3,0,-2,10
1013468158807,-45,0,5,1,3,-1,0,-2
1013468158807,13,5,2,-3,0,-1,-1,-16
1013468179490,49,-9,-5,-3,-3,-2,-2,9
1013468179490,-19,0,-6,-1,-4,-2,-3,-16
1013468185931,12,-5,1,4,-2,0,-6,8
1013468185931,-26,1,1,-5,2,-2,0,4
1013468202211,9,3,-3,0,-3,0,3,4
1013468202211,-13,-6,-5,4,-5,-2,-2,-3
1013468203743,6,-1,0,-7,-2,-1,2,-7
1013468203743,1,2,5,1,2,-2,-1,-1
1013468216607,-4,-1,-6,-1,0,0,-3,3
1013468216607,17,4,-2,-4,1,0,1,6
1013468223335,-2,1,-3,2,-6,-2,2,-2
1013468223335,-12,-7,1,2,-2,1,-2,0
1013468239740,-20,-6,-6,-5,0,-1,0,-20
1013468239740,-8,8,0,5,-2,2,0,16
1013468241203,24,-1,-3,-8,0,-1,-2,-18
1013468241203,20,-1,1,3,0,-1,0,0
1013468262270,13,7,1,2,-4,-1,-1,-7
1013468262270,-3,2,7,5,3,1,-1,4
1013468263759,10,-2,0,-1,0,0,1,3
1013468263759,-36,1,0,-2,-5,-2,-1,-5
1013468276590,24,3,-4,-3,2,-2,-1,3
1013468276590,-27,-14,-7,-5,-5,-1,-2,-6
1013468283410,8,9,5,1,1,-1,2,-5
1013468283410,4,-3,-1,-1,-2,0,1,6
1013468299762,8,6,1,0,-2,-3,-2,-2
1013468299762,36,1,3,-4,3,0,-1,3
1013468301242,-44,0,-6,-1,-2,-2,2,1
1013468301242,2,-4,1,2,2,1,0,-2
1013468322076,-11,5,-1,-2,0,2,-1,5
1013468322076,15,-5,-7,1,1,-1,0,-3
1013468328377,-9,3,7,-3,5,-1,-3,0
1013468328377,4,1,-1,4,-2,0,-1,2
1013468336560,34,3,2,-1,0,-1,0,5
1013468336560,-45,-16,1,-5,-3,-2,-4,-8
1013468343420,6,-7,-7,-3,-3,1,-3,-2
1013468343420,-9,2,0,0,3,-1,0,1
1013468360100,20,7,8,5,0,0,3,5
1013468360100,9,2,-3,-3,1,-2,0,3
1013468361671,6,1,3,4,-1,1,1,-2
1013468361671,40,1,-5,-9,-5,1,2,1
1013468382283,-83,-28,-13,-2,-5,-3,-4,-15
1013468382283,33,9,12,6,5,2,4,5
1013468383750,1,2,-2,-1,-1,0,-1,3
1013468383750,-26,-9,-7,0,0,-1,-1,-6
1013468396490,15,7,3,0,5,-1,1,5
1013468396490,-26,-5,-6,-3,4,1,-1,-11
1013468403397,-15,-3,-3,-1,-18,-1,1,4
1013468403397,49,2,6,2,1,-1,-1,3
